{"cameraMode":{"drawMode":0,"name":"Shaded","section":"Shading Mode"},"sceneLighting":true,"audioPlay":false,"sceneViewState":{"showFog":true,"showMaterialUpdate":false,"showSkybox":true,"showFlares":true,"showImageEffects":true,"showParticleSystems":true},"in2DMode":false,"pivot":{"x":1.35746431350708,"y":2.6860580444335939,"z":-0.011309877038002015},"rotation":{"x":0.2689688503742218,"y":0.15462042391300202,"z":-0.0437946580350399,"w":0.9496549963951111},"size":6.6742706298828129,"orthographic":true}